,Years,Number,Frequency
0,7,13,0.009468317552804079
1,8,58,0.04224326292789512
2,9,277,0.20174799708667152
3,10,922,0.6715222141296431
4,11,103,0.07501820830298617
